DISTRICT,POPULATION,DISTRICT%
"1/1",471627,0.512900
"1/2",448181,0.487400
"2/1",447995,0.487200
"2/2",471303,0.512500
