DISTRICT,POPULATION,DISTRICT%
"1/1",527942,0.574100
"1/2",391866,0.426100
"2/1",389939,0.424100
"2/2",529359,0.575700
