DISTRICT,POPULATION,DISTRICT%
"1/1",529422,0.575700
"1/2",390386,0.424500
"2/1",391847,0.426100
"2/2",527451,0.573600
