DISTRICT,POPULATION,DISTRICT%
"1/1",859258,0.934400
"1/2",60295,0.065600
"2/1",60550,0.065800
"2/2",859003,0.934200
