DISTRICT,POPULATION,DISTRICT%
"1/1",418435,0.771900
"1/2",123677,0.228100
"2/1",125567,0.231600
"2/2",416546,0.768400
