DISTRICT,POPULATION,DISTRICT%
"1/1",352416,0.650100
"1/2",191586,0.353400
"2/1",190115,0.350700
"2/2",350108,0.645800
