DISTRICT,POPULATION,DISTRICT%
"1/1",525042,0.968500
"1/2",18960,0.035000
"2/1",16272,0.030000
"2/2",523951,0.966500
