DISTRICT,POPULATION,DISTRICT%
"1/1",278451,0.513600
"1/2",265551,0.489800
"2/1",264830,0.488500
"2/2",275393,0.508000
