DISTRICT,POPULATION,DISTRICT%
"1/1",333478,0.615100
"1/2",210524,0.388300
"2/1",206931,0.381700
"2/2",333292,0.614800
