DISTRICT,POPULATION,DISTRICT%,CUMULATIVE%
1,432490,0.580000,0.041400
2,525591,0.704900,0.091800
3,482265,0.646800,0.138000
4,311674,0.418000,0.167800
5,314098,0.421200,0.197900
6,695665,0.932900,0.264600
7,429136,0.575500,0.305700
8,488159,0.654700,0.352400
9,402249,0.539400,0.391000
10,315955,0.423700,0.421200
11,497269,0.666900,0.468900
12,641704,0.860600,0.530300
13,584027,0.783200,0.586300
14,709971,0.952100,0.654300
