REGION,BASELINE,OTHER,POPULATION,DISTRICT%,CUMULATIVE%
1,1,3,582843,0.891400,0.297100
2,3,2,480644,0.735100,0.542200
3,2,1,421268,0.644300,0.756900
4,2,2,174579,0.267000,0.845900
5,3,1,159325,0.243700,0.927200
6,1,1,70244,0.107400,0.963000
7,2,3,57423,0.087800,0.992300
8,3,3,15178,0.023200,1.000000
