DISTRICT,POPULATION,DISTRICT%
"1/1",447573,0.649800
"1/2",241469,0.350600
"2/1",240559,0.349300
"2/2",447928,0.650300
