DISTRICT,POPULATION,DISTRICT%
"1/1",383780,0.557200
"1/2",305262,0.443200
"2/1",305532,0.443600
"2/2",382955,0.556000
