DISTRICT,POPULATION,DISTRICT%
"1/1",433639,0.629600
"1/2",255403,0.370800
"2/1",253295,0.367800
"2/2",435192,0.631800
