DISTRICT,POPULATION,DISTRICT%
"1/1",478795,0.695200
"1/2",209969,0.304800
"2/1",210247,0.305300
"2/2",478518,0.694700
