REGION,BASELINE,OTHER,POPULATION,DISTRICT%,CUMULATIVE%
1,1,4,763947,0.984300,0.246100
2,3,2,491302,0.633000,0.404300
3,4,1,439087,0.565700,0.545700
4,2,3,376540,0.485100,0.667000
5,4,3,236978,0.305300,0.743400
6,2,1,203022,0.261600,0.808800
7,2,2,183716,0.236700,0.867900
8,3,3,155298,0.200100,0.918000
9,3,1,130822,0.168600,0.960100
10,4,2,100133,0.129000,0.992300
11,2,4,13833,0.017800,0.996800
12,1,3,9936,0.012800,1.000000
