DISTRICT,POPULATION,DISTRICT%
"1/1",318611,0.580700
"1/2",229738,0.418700
"2/1",230078,0.419300
"2/2",318952,0.581300
