DISTRICT,POPULATION,DISTRICT%
"1/1",510428,0.930300
"1/2",37921,0.069100
"2/1",38261,0.069700
"2/2",510769,0.930900
