DISTRICT,POPULATION,DISTRICT%
"1/1",382971,0.698000
"1/2",165107,0.300900
"2/1",165378,0.301400
"2/2",383923,0.699700
