DISTRICT,POPULATION,DISTRICT%
"1/1",497464,0.906600
"1/2",50885,0.092700
"2/1",49428,0.090100
"2/2",499602,0.910500
