DISTRICT,POPULATION,DISTRICT%
"1/1",815346,0.909100
"1/2",80721,0.090000
"2/1",81835,0.091200
"2/2",815814,0.909600
