DISTRICT,POPULATION,DISTRICT%
"1/1",874671,0.975300
"1/2",22510,0.025100
"2/1",25502,0.028400
"2/2",871033,0.971200
