DISTRICT,POPULATION,DISTRICT%
"1/1",882310,0.983800
"1/2",14871,0.016600
"2/1",17836,0.019900
"2/2",878699,0.979800
